time,y
0.0,178.0
0.2,177.99983248260287
0.4,177.9993605142766
0.6000000000000001,177.99876171030724
0.8,177.9982494365977
1.0,177.99802823337
1.2000000000000002,177.9982900221172
1.4000000000000001,177.99922838389512
1.6,178.0010259083519
1.8,178.00385404896554
2.0,178.00787741450944
2.2,178.01318789769653
2.4000000000000004,178.0198893687483
2.6,178.02819884111904
2.8000000000000003,178.038145826363
3.0,178.05000176092864
3.2,178.06371511812006
3.4000000000000004,178.0793150647122
3.6,178.096929930663
3.8000000000000003,178.1167388643031
4.0,178.13872316037032
4.2,178.16294959296317
4.4,178.1894995827709
4.6000000000000005,178.2184541263817
4.800000000000001,178.24987555247458
5.0,178.28383512487403
5.2,178.32034647314816
5.4,178.35944726049303
5.6000000000000005,178.40121875382613
5.800000000000001,178.44571752195293
6.0,178.49272011255573
6.2,178.54228716618366
6.4,178.59455932582222
6.6000000000000005,178.64958614157308
6.800000000000001,178.7074171635379
7.0,178.76810194181832
7.2,178.83169002651601
7.4,178.89823096773262
7.6000000000000005,178.96777431556973
7.800000000000001,179.04036962012907
8.0,179.11554738037535
8.200000000000001,179.19357056775175
8.4,179.27449868056658
8.6,179.35834276635103
8.8,179.44511387263617
9.0,179.53482304695308
9.200000000000001,179.62726089401792
9.4,179.72247037775298
9.600000000000001,179.8204981395536
9.8,179.92133585714907
10.0,180.0249752082687
10.200000000000001,180.1314078706418
10.4,180.2405438411123
10.600000000000001,180.35235701965314
10.8,180.46686868416435
11.0,180.58406150994392
11.200000000000001,180.70391817228995
11.4,180.82642134650058
11.600000000000001,180.95152208353255
11.8,181.07917842104
12.0,181.20939429912386
12.200000000000001,181.34214780298709
12.4,181.47741701783264
12.600000000000001,181.6151800288635
12.8,181.75540151090354
13.0,181.89803583907803
13.200000000000001,182.04307741611086
13.4,182.19050154942278
13.600000000000001,182.3402835464346
13.8,182.49239871456695
14.0,182.64681710345417
14.200000000000001,182.80349299149447
14.4,182.96241432884045
14.600000000000001,183.1235544772788
14.8,183.28688677895292
15.0,183.45238455636292
15.200000000000001,183.62002111236563
15.4,183.7897697301746
15.600000000000001,183.96160367336006
15.8,184.13549618584887
16.0,184.31141705829248
16.2,184.48933647880182
16.400000000000002,184.6692306783013
16.6,184.85107231006918
16.8,185.0348339792451
17.0,185.22048824282984
17.2,185.4080076096858
17.400000000000002,185.59736454053638
17.6,185.7885314479666
17.8,185.98148069642258
18.0,186.17619879835877
18.2,186.3726573879136
18.400000000000002,186.57082420631974
18.6,186.77067277192612
18.8,186.9721766349382
19.0,187.17530937741816
19.200000000000003,187.38004461328467
19.400000000000002,187.58635598831296
19.6,187.79421718013492
19.8,188.00360189823897
20.0,188.21451559250664
20.200000000000003,188.42691626285
20.400000000000002,188.64077682578704
20.6,188.8560733067663
20.8,189.07278189138606
21.0,189.29087892539405
21.200000000000003,189.5103409146875
21.400000000000002,189.73114452531325
21.6,189.95326658346772
21.8,190.17668680738262
22.0,190.40140319314077
22.200000000000003,190.62737891572016
22.400000000000002,190.85459291063245
22.6,191.08302436372134
22.8,191.31265271116268
23.0,191.54345763946435
23.200000000000003,191.77541908546658
23.400000000000002,192.00851723634156
23.6,192.24273252959364
23.8,192.47804781444677
24.0,192.71444740736945
24.200000000000003,192.95190961396224
24.400000000000002,193.19041627779302
24.6,193.42994951727115
24.8,193.67049172564816
25.0,193.91202557101747
25.200000000000003,194.15453399631429
25.400000000000002,194.3980002193158
25.6,194.642407732641
25.8,194.88773791670667
26.0,195.13397424897238
26.200000000000003,195.3811022254136
26.400000000000002,195.62910617314554
26.6,195.87797067830297
26.8,196.12768058604024
27.0,196.3782210005313
27.200000000000003,196.62957728496968
27.400000000000002,196.88173506156852
27.6,197.1346802115604
27.8,197.38839355725423
28.0,197.64286333674937
28.200000000000003,197.89807686982664
28.400000000000002,198.15402066085846
28.6,198.41068144889982
28.8,198.6680462076884
29.0,198.92610214564428
29.200000000000003,199.18483670587023
29.400000000000002,199.44423756615163
29.6,199.7042924696517
29.8,199.96498414551098
30.0,200.22630446052352
30.200000000000003,200.488241701763
30.400000000000002,200.7507843706431
30.6,201.0139211829175
30.8,201.27764106867977
31.0,201.5419331723636
31.200000000000003,201.80678685274256
31.400000000000002,202.0721916829304
31.6,202.33813574186246
31.8,202.6046044107922
32.0,202.87159153832147
32.2,203.13908718314343
32.4,203.4070816038452
32.6,203.6755652597767
32.800000000000004,203.94452881191933
33.0,204.21396312375475
33.2,204.48385926213388
33.4,204.75420849814566
33.6,205.02500230798591
33.800000000000004,205.2962323738259
34.0,205.5678905846816
34.2,205.83996903728212
34.4,206.11246003693873
34.6,206.3853560984137
34.800000000000004,206.65863357931534
35.0,206.93229522599546
35.2,207.206334978793
35.4,207.4807454643789
35.6,207.75551947662598
35.800000000000004,208.03064997646692
36.0,208.30613009175278
36.2,208.5819531171107
36.4,208.85811251380233
36.6,209.13460190958205
36.800000000000004,209.41141509855476
37.0,209.68854604103439
37.2,209.9659888634019
37.4,210.2437378579633
37.6,210.52178748280812
37.800000000000004,210.80012193901064
38.0,211.07873379649635
38.2,211.35762476763966
38.400000000000006,211.63678921102291
38.6,211.91622159776244
38.800000000000004,212.1959165098367
39.0,212.47586863841434
39.2,212.7560727821825
39.400000000000006,213.03652384567476
39.6,213.3172168375994
39.800000000000004,213.59814686916735
40.0,213.87930915242055
40.2,214.1606989985599
40.400000000000006,214.4423118162734
40.6,214.7241431100644
40.800000000000004,215.00618719277657
41.0,215.2884345269107
41.2,215.57088534058732
41.400000000000006,215.85353523206055
41.6,216.13637986778764
41.800000000000004,216.41941498017184
42.0,216.70263636530547
42.2,216.98603988071295
42.400000000000006,217.2696214430939
42.6,217.5533770260662
42.800000000000004,217.83730265790877
43.0,218.12139441930503
43.2,218.40564844108548
43.400000000000006,218.69006090197115
43.6,218.9746280263164
43.800000000000004,219.25934608185185
44.0,219.54421617461423
44.2,219.82923223825674
44.400000000000006,220.11439004255982
44.6,220.39968623114493
44.800000000000004,220.68511749521298
45.0,220.9706805717487
45.2,221.25637224172561
45.400000000000006,221.54218932831054
45.6,221.8281286950683
45.800000000000004,222.11418724416654
46.0,222.40036191458017
46.2,222.68664968029617
46.400000000000006,222.97304754851837
46.6,223.25955255787193
46.800000000000004,223.54616177660813
47.0,223.83287615690801
47.2,224.11969481079262
47.400000000000006,224.4066115255094
47.6,224.69362379254073
47.800000000000004,224.9807291465404
48.0,225.26792516421625
48.2,225.5552094632137
48.400000000000006,225.842579700999
48.6,226.13003357374203
48.800000000000004,226.41756881519996
49.0,226.7051831956001
49.2,226.99287452052346
49.400000000000006,227.2806406297874
49.6,227.5684793963294
49.800000000000004,227.8563887250898
50.0,228.1443669764613
50.2,228.43241528474903
50.400000000000006,228.72052912539294
50.6,229.00870666247346
50.800000000000004,229.29694609656065
51.0,229.5852456639039
51.2,229.87360363562175
51.400000000000006,230.16201831689216
51.6,230.4504880461419
51.800000000000004,230.7390111942368
52.0,231.02758616367146
52.2,231.3162113877591
52.400000000000006,231.60488532982168
52.6,231.8936064823796
52.800000000000004,232.1823733663415
53.0,232.47118453019442
53.2,232.76003874952175
53.400000000000006,233.04893454986018
53.6,233.33787051357922
53.800000000000004,233.62684530167712
54.0,233.91585759939062
54.2,234.2049061154063
54.400000000000006,234.49398958107173
54.6,234.78310674960642
54.800000000000004,235.07225639531305
55.0,235.36143731278855
55.2,235.6506483161353
55.400000000000006,235.9398882381721
55.6,236.22915592964557
55.800000000000004,236.5184502584409
56.0,236.80777010879325
56.2,237.09711470099785
56.400000000000006,237.3864832460497
56.6,237.67587429781895
56.800000000000004,237.9652868296086
57.0,238.25471982933544
57.2,238.5441722988083
57.400000000000006,238.83364325300545
57.6,239.12313171935273
57.800000000000004,239.41263673700098
58.0,239.7021573561043
58.2,239.99169263709746
58.400000000000006,240.28124164997394
58.6,240.5708034735634
58.800000000000004,240.86037719480998
59.0,241.14996190804982
59.2,241.43955683783793
59.400000000000006,241.72916355717962
59.6,242.0187793205206
59.800000000000004,242.30840334186416
60.0,242.5980348459011
60.2,242.88767306749844
60.400000000000006,243.1773172511878
60.6,243.46696665065429
60.800000000000004,243.75662052822486
61.0,244.04627815435697
61.2,244.33593880712704
61.400000000000006,244.6256017717193
61.6,244.91526633991418
61.800000000000004,245.20493180957703
62.0,245.49459748414642
62.2,245.78426267212296
62.400000000000006,246.0739284922522
62.6,246.36359385156038
62.800000000000004,246.6532574757764
63.0,246.94291879117839
63.2,247.23257723365373
63.400000000000006,247.522232248401
63.6,247.8118832896305
63.800000000000004,248.10152982026614
64.0,248.3911713116463
64.2,248.68080724322544
64.4,248.9704371022748
64.60000000000001,249.2600603835839
64.8,249.54967658916212
65.0,249.8392852279395
65.2,250.12888581546804
65.4,250.4184782546497
65.60000000000001,250.70806264594273
65.8,250.99763791711734
66.0,251.28720365270635
66.2,251.57675944556217
66.4,251.8663048966547
66.60000000000001,252.1558396148696
66.8,252.44536321680562
67.0,252.73487532657248
67.2,253.02437557558903
67.4,253.3138636023806
67.60000000000001,253.60333905237678
67.8,253.89280157770997
68.0,254.18225083701236
68.2,254.47168649521382
68.4,254.76110822334022
68.60000000000001,255.05051582428928
68.8,255.3399088915129
69.0,255.62928711576558
69.2,255.91865019541478
69.4,256.20799783425366
69.60000000000001,256.49732974130893
69.8,256.7866456306491
70.0,257.075945221192
70.2,257.3652282365131
70.4,257.65449440465295
70.60000000000001,257.94374345792573
70.8,258.23297513272655
71.0,258.52218916933987
71.2,258.81138531174713
71.4,259.10056330743464
71.60000000000001,259.3897230552576
71.8,259.67886430280646
72.0,259.96798673825606
72.2,260.2570901305929
72.4,260.5461742520007
72.60000000000001,260.8352388776874
72.8,261.1242837857135
73.0,261.41330875681854
73.2,261.7023135742495
73.4,261.9912980235878
73.60000000000001,262.28026189257673
73.8,262.5692049709494
74.0,262.8581270502557
74.2,263.1470279236904
74.4,263.4359073859198
74.60000000000001,263.7247653912859
74.8,264.0136021140545
75.0,264.3024169990357
75.2,264.59120986899995
75.4,264.87998054901163
75.60000000000001,265.1687288663078
75.8,265.4574546501768
76.0,265.7461577318371
76.2,266.0348379443153
76.4,266.3234951223251
76.60000000000001,266.6121291021459
76.80000000000001,266.90073972150105
77.0,267.1893268194367
77.2,267.4778902362003
77.4,267.7664298131193
77.60000000000001,268.05494539247945
77.80000000000001,268.34343746405307
78.0,268.63190547204863
78.2,268.9203492321958
78.4,269.20876861705244
78.60000000000001,269.4971635014259
78.80000000000001,269.7855337623082
79.0,270.0738792788111
79.2,270.3621999321009
79.4,270.65049560533384
79.60000000000001,270.9387661835908
79.80000000000001,271.22701155381253
80.0,271.5152316047345
80.2,271.8034262268219
80.4,272.0915953122051
80.60000000000001,272.3797387546142
80.80000000000001,272.66785658133006
81.0,272.95594871390904
81.2,273.24401496705025
81.4,273.53205524971645
81.60000000000001,273.8200694728047
81.80000000000001,274.1080575491022
82.0,274.39601939324064
82.2,274.6839549216513
82.4,274.97186405252
82.60000000000001,275.25974670574124
82.80000000000001,275.5476028028743
83.0,275.83543226709685
83.2,276.12323502316065
83.4,276.4110109973461
83.60000000000001,276.69876011741735
83.80000000000001,276.9864823057975
84.0,277.2741774642816
84.2,277.5618455445915
84.4,277.8494864769626
84.60000000000001,278.1371001925836
84.80000000000001,278.42468662353815
85.0,278.7122457027473
85.2,278.99977736391077
85.4,279.28728154144915
85.60000000000001,279.57475817044576
85.80000000000001,279.8622071865881
86.0,280.1496285544456
86.2,280.43702222483023
86.4,280.7243881296706
86.60000000000001,281.0117262160636
86.80000000000001,281.2990364326414
87.0,281.58631872957574
87.2,281.87357305858256
87.4,282.16079937102836
87.60000000000001,282.4479976188543
87.80000000000001,282.73516775822554
88.0,283.02230974530835
88.2,283.3094235375321
88.4,283.5965090856048
88.60000000000001,283.8835663360362
88.80000000000001,284.17059524372644
89.0,284.45759575835655
89.2,284.7445678488424
89.4,285.03151146891173
89.60000000000001,285.31842657519564
89.80000000000001,285.60531312790863
90.0,285.8921710917863
90.2,286.1790004303615
90.4,286.46580111067794
90.60000000000001,286.7525730939451
90.80000000000001,287.03931634087394
91.0,287.32603082085325
91.2,287.6127165003978
91.4,287.89937334128547
91.60000000000001,288.1860013095121
91.80000000000001,288.47260036968487
92.0,288.75917048752444
92.2,289.04571163513606
92.4,289.33222377665834
92.60000000000001,289.6187068794021
92.80000000000001,289.9051609166281
93.0,290.1915858608568
93.2,290.4779816808617
93.4,290.76434834793497
93.60000000000001,291.05068583366995
93.80000000000001,291.33699410987924
94.0,291.6232731485122
94.2,291.90952293481314
94.4,292.1957434374773
94.60000000000001,292.48193463044186
94.80000000000001,292.7680964885319
95.0,293.0542289866887
95.2,293.3403320999015
95.4,293.6264058091972
95.60000000000001,293.91245011318676
95.80000000000001,294.19846497790513
96.0,294.4844503839238
96.2,294.7704063124272
96.4,295.0563327451998
96.60000000000001,295.34222966461334
96.80000000000001,295.62809705367135
97.0,295.91393489592497
97.2,296.19974317541744
97.4,296.48552187676637
97.60000000000001,296.77127098511687
97.80000000000001,297.05699048612894
98.0,297.34268036596484
98.2,297.62834059677334
98.4,297.9139711677868
98.60000000000001,298.1995720652254
98.80000000000001,298.48514327344105
99.0,298.77068477669377
99.2,299.05619655910664
99.4,299.3416786045789
99.60000000000001,299.62713089655256
99.80000000000001,299.91255341856834
100.0,300.1979461536864
100.2,300.48330908459457
100.4,300.7686421935616
100.60000000000001,301.0539454623921
100.80000000000001,301.339218886906
101.0,301.6244624646067
101.2,301.90967616979094
101.4,302.19485998907794
101.60000000000001,302.48001390945194
101.80000000000001,302.7651379182829
102.0,303.05023200334733
102.2,303.3352961613198
102.4,303.6203303809682
102.60000000000001,303.9053346516995
102.80000000000001,304.190308965526
103.0,304.4752533153188
103.2,304.76016769485045
103.4,305.0450520974732
103.60000000000001,305.3299064996693
103.80000000000001,305.6147309053814
104.0,305.8995253084879
104.2,306.1842897033796
104.4,306.4690240849628
104.60000000000001,306.75372844866365
104.80000000000001,307.0384027822008
105.0,307.3230470678934
105.2,307.6076613078242
105.4,307.8922454946387
105.60000000000001,308.1767996207891
105.80000000000001,308.46132367849077
106.0,308.74581765968026
106.2,309.0302815620495
106.4,309.31471537810523
106.60000000000001,309.599119098443
106.80000000000001,309.8834927153889
107.0,310.1678362210581
107.2,310.4521496073294
107.4,310.73643286593597
107.60000000000001,311.0206860079114
107.80000000000001,311.3049090168478
108.0,311.5891018870974
108.2,311.8732646132165
108.4,312.15739718997634
108.60000000000001,312.44149961237486
108.80000000000001,312.7255718764135
109.0,313.0096139795389
109.2,313.2936259167823
109.4,313.57760768473736
109.60000000000001,313.86155928036806
109.80000000000001,314.1454807010265
110.0,314.42937194446915
110.2,314.71323300340384
110.4,314.997063874
110.60000000000001,315.28086455605626
110.80000000000001,315.5646350471384
111.0,315.84837534501173
111.2,316.13208544763995
111.4,316.41576535318416
111.60000000000001,316.69941505049087
111.80000000000001,316.98303454072595
112.0,317.26662382125676
112.2,317.55018288882115
112.4,317.83371174003366
112.60000000000001,318.117210371365
112.80000000000001,318.4006787811926
113.0,318.6841169738176
113.2,318.96752494213285
113.4,319.2509026839109
113.60000000000001,319.5342501969935
113.80000000000001,319.81756747929103
114.0,320.1008545287823
114.2,320.38411134228295
114.4,320.66733791697743
114.60000000000001,320.95053425135666
114.80000000000001,321.23370034315565
115.0,321.5168361901008
115.2,321.79994178990455
115.4,322.08301714026027
115.60000000000001,322.36606224835555
115.80000000000001,322.6490771104825
116.0,322.9320617251375
116.2,323.21501609231836
116.4,323.4979402123289
116.60000000000001,323.78083408579516
116.80000000000001,324.06369771127754
117.0,324.34653107405666
117.2,324.6293341818073
117.4,324.9121070329876
117.60000000000001,325.1948496259088
117.80000000000001,325.47756195871693
118.0,325.7602440293732
118.2,326.04289585086474
118.4,326.32551743419276
118.60000000000001,326.6081087657607
118.80000000000001,326.89066984554154
119.0,327.1732006734534
119.2,327.45570124935955
119.4,327.73817157306905
119.60000000000001,328.02061164433576
119.80000000000001,328.30302146285896
120.0,328.5854010282834
120.2,328.8677503401989
120.4,329.15006948086545
120.60000000000001,329.4323583987858
120.80000000000001,329.714617095682
121.0,329.9968455755236
121.2,330.2790438424597
121.4,330.5612119008192
121.60000000000001,330.84334975511047
121.80000000000001,331.1254574100218
122.0,331.4075348704208
122.2,331.6895821413551
122.4,331.9715991997838
122.60000000000001,332.25358603239647
122.80000000000001,332.5355426679296
123.0,332.81746910878087
123.2,333.09936535733743
123.4,333.38123141597634
123.60000000000001,333.6630672870639
123.80000000000001,333.9448729729561
124.0,334.22664847599845
124.2,334.5083937985262
124.4,334.790108942864
124.60000000000001,335.07179380335083
124.80000000000001,335.3534484502072
125.0,335.63507288230187
125.2,335.9166670960119
125.4,336.19823108738024
125.60000000000001,336.4797648521152
125.80000000000001,336.76126838559037
126.0,337.0427416828452
126.2,337.3241847385841
126.4,337.60559754717747
126.60000000000001,337.88698011269423
126.80000000000001,338.1683324351794
127.0,338.44965449998017
127.2,338.7309463013089
127.4,339.01220783311066
127.60000000000001,339.2934390890621
127.80000000000001,339.57464006257226
128.0,339.85581074678214
128.20000000000002,340.1369511345649
128.4,340.4180612185256
128.6,340.6991409910016
128.8,340.98019072778504
129.0,341.2612102096341
129.20000000000002,341.54219942884276
129.4,341.82315838216084
129.6,342.104087066338
129.8,342.38498547812424
130.0,342.66585361426917
130.20000000000002,342.9466914715225
130.4,343.2274990466342
130.6,343.5082763363538
130.8,343.7890233374311
131.0,344.0697400466162
131.20000000000002,344.35042646065835
131.4,344.6310825763078
131.6,344.91170839031395
131.8,345.19230389942675
132.0,345.4728694197613
132.20000000000002,345.7534047151016
132.4,346.03390976219987
132.6,346.3143845614982
132.8,346.5948291134389
133.0,346.8752434184645
133.20000000000002,347.1556274770172
133.4,347.4359812895394
133.6,347.71630485647336
133.8,347.9965981782615
134.0,348.2768612553459
134.20000000000002,348.55709408816926
134.4,348.83729667717364
134.6,349.1174690228015
134.8,349.397611125495
135.0,349.67772298569673
135.20000000000002,349.9578047566114
135.4,350.23785633934267
135.6,350.5178777148535
135.8,350.7978688854804
136.0,351.07782985355914
136.20000000000002,351.35776062142577
136.4,351.63766119141656
136.6,351.9175315658673
136.8,352.1973717471142
137.0,352.4771817374933
137.20000000000002,352.75696153934064
137.4,353.0367111549923
137.6,353.31643058678435
137.8,353.5961198370527
138.0,353.8757789081336
138.20000000000002,354.155407802363
138.4,354.435006541378
138.6,354.7145751167093
138.8,354.99411352680124
139.0,355.27362177424766
139.20000000000002,355.5530998616422
139.4,355.8325477915786
139.6,356.1119655666505
139.8,356.3913531894517
140.0,356.6707106625761
140.20000000000002,356.95003798861717
140.4,357.22933517016884
140.6,357.50860220982474
140.8,357.78783911017865
141.0,358.0670458738243
141.20000000000002,358.3462225033554
141.4,358.6253690013657
141.6,358.9044855858251
141.8,359.18357211997875
142.0,359.4626285334946
142.20000000000002,359.7416548263725
142.4,360.0206509986126
142.6,360.2996170502148
142.8,360.5785529811792
143.0,360.8574587915057
143.20000000000002,361.13633448119435
143.4,361.4151800502452
143.6,361.6939954986582
143.8,361.97278082643334
144.0,362.2515360335707
144.20000000000002,362.5302611200701
144.4,362.80895608593175
144.6,363.08762093115547
144.8,363.3662556557414
145.0,363.6448602596895
145.20000000000002,363.9234347429997
145.4,364.2019791056721
145.6,364.48049334770656
145.8,364.75897746910323
146.0,365.0374314698621
146.20000000000002,365.31585534998305
146.4,365.5942491094661
146.6,365.87261274831144
146.8,366.1509464641729
147.0,366.4292504244157
147.20000000000002,366.7075243040391
147.4,366.98576810304314
147.6,367.2639818214276
147.8,367.5421654591927
148.0,367.8203190163382
148.20000000000002,368.09844249286436
148.4,368.37653588877106
148.6,368.6545992040583
148.8,368.93263243872605
149.0,369.21063559277445
149.20000000000002,369.4886086662033
149.4,369.76655165901275
149.6,370.04446457120275
149.8,370.3223474027732
150.0,370.60020015372424
150.20000000000002,370.87802282405585
150.4,371.1558154137681
150.6,371.43357792286076
150.8,371.71131035133396
151.0,371.9890126991878
151.20000000000002,372.2666849664221
151.4,372.544327153037
151.6,372.82193925903243
151.8,373.0995212844084
152.0,373.3770732291649
152.20000000000002,373.6545970376694
152.4,373.9320908585952
152.6,374.20955466684575
152.8,374.4869884624213
153.0,374.7643922453218
153.20000000000002,375.0417660155472
153.4,375.3191097730976
153.60000000000002,375.59642351797277
153.8,375.87370725017297
154.0,376.1509609696981
154.20000000000002,376.4281846765481
154.4,376.705378370723
154.60000000000002,376.9825420522229
154.8,377.25967572104776
155.0,377.5367793771974
155.20000000000002,377.813853020672
155.4,378.09089665147167
155.60000000000002,378.3679102695961
155.8,378.64489387504557
156.0,378.92184746781993
156.20000000000002,379.1987710479192
156.4,379.47566461534336
156.60000000000002,379.75252817009243
156.8,380.0293617121665
157.0,380.3061652415655
157.20000000000002,380.5829387582894
157.4,380.8596822623382
157.60000000000002,381.136395753712
157.8,381.4130792324106
158.0,381.6897326984342
158.20000000000002,381.96635615178275
158.4,382.24294959245617
158.60000000000002,382.5195130204546
158.8,382.79604643577784
159.0,383.0725498384261
159.20000000000002,383.34902322839923
159.4,383.6254666056973
159.60000000000002,383.90187997032024
159.8,384.1782633222682
160.0,384.4546166615411
160.20000000000002,384.73093998813874
160.4,385.00723330206154
160.60000000000002,385.2834966033091
160.8,385.5597298918817
161.0,385.8359331677791
161.20000000000002,386.1121064310015
161.4,386.3882496815488
161.60000000000002,386.664362919421
161.8,386.94044614461825
162.0,387.21649935714026
162.20000000000002,387.4925225569873
162.4,387.76851574415923
162.60000000000002,388.0444789186562
162.8,388.3204120804779
163.0,388.5963152296247
163.20000000000002,388.8721883660962
163.4,389.1480314898928
163.60000000000002,389.4238474357095
163.8,389.69963350079706
164.0,389.97538965213823
164.20000000000002,390.251115889733
164.4,390.52681221358137
164.60000000000002,390.80247862368344
164.8,391.07811512003923
165.0,391.3537217026486
165.20000000000002,391.6292983715116
165.4,391.9048451266283
165.60000000000002,392.1803619679987
165.8,392.4558488956226
166.0,392.7313059095003
166.20000000000002,393.0067330096315
166.4,393.2821301960164
166.60000000000002,393.557497468655
166.8,393.83283482754723
167.0,394.10814227269304
167.20000000000002,394.38341980409257
167.4,394.6586674217457
167.60000000000002,394.9338851256525
167.8,395.20907291581295
168.0,395.4842307922271
168.20000000000002,395.75935875489483
168.4,396.0344568038163
168.60000000000002,396.3095249389912
168.8,396.58456316042
169.0,396.85957146810233
169.20000000000002,397.1345498620383
169.4,397.40949834222795
169.60000000000002,397.6844169086712
169.8,397.9593055613682
170.0,398.23416430031864
170.20000000000002,398.5089931255229
170.4,398.7837920369808
170.60000000000002,399.0585610346923
170.8,399.33330011865746
171.0,399.60800928887625
171.20000000000002,399.88268854534874
171.4,400.15733788807484
171.60000000000002,400.43195731705464
171.8,400.70654683228804
172.0,400.98110643377504
172.20000000000002,401.25563612151575
172.4,401.53013589551017
172.60000000000002,401.8046057557581
172.8,402.0790457022598
173.0,402.353455735015
173.20000000000002,402.62783585402394
173.4,402.9021860592866
173.60000000000002,403.1765063508028
173.8,403.45079672857275
174.0,403.7250571925963
174.20000000000002,403.99928774287343
174.4,404.2734883794043
174.60000000000002,404.54765910218873
174.8,404.8217999112269
175.0,405.0959139692352
175.20000000000002,405.36999825659575
175.4,405.6440527404444
175.60000000000002,405.9180774207814
175.8,406.1920722976065
176.0,406.46603737091993
176.20000000000002,406.7399726407215
176.4,407.01387810701135
176.60000000000002,407.28775376978945
176.8,407.56159962905576
177.0,407.8354156848102
177.20000000000002,408.10920193705294
177.4,408.3829583857839
177.60000000000002,408.6566850310031
177.8,408.93038187271054
178.0,409.2040489109062
178.20000000000002,409.47768614559004
178.4,409.7512935767621
178.60000000000002,410.0248712044224
178.8,410.29841902857095
179.0,410.5719370492077
179.20000000000002,410.84542526633277
179.4,411.11888367994595
179.60000000000002,411.39231229004736
179.8,411.6657110966371
180.0,411.93908009971494
180.20000000000002,412.2124192992811
180.4,412.4857286953354
180.60000000000002,412.75900828787803
180.8,413.0322580769089
181.0,413.3054780624278
181.20000000000002,413.5786682444351
181.4,413.8518286229306
181.60000000000002,414.1249591979142
181.8,414.39805996938617
182.0,414.67113093734633
182.20000000000002,414.9441721017947
182.4,415.2171834627313
182.60000000000002,415.49016502015616
182.8,415.7631167740692
183.0,416.0360387244705
183.20000000000002,416.30893087135996
183.4,416.5817932147377
183.60000000000002,416.8546257546037
183.8,417.12742849095787
184.0,417.40020142380024
184.20000000000002,417.67294455313083
184.4,417.94565787894976
184.60000000000002,418.2183414012568
184.8,418.49099512005216
185.0,418.76361903533564
185.20000000000002,419.03621314710745
185.4,419.3087774553675
185.60000000000002,419.5813119601156
185.8,419.8538166613521
186.0,420.1262915590768
186.20000000000002,420.3987366532896
186.4,420.6711588342912
186.60000000000002,420.9435514171182
186.8,421.2159143383584
187.0,421.48824759801164
187.20000000000002,421.76055119607804
187.4,422.0328251325576
187.60000000000002,422.3050694074502
187.8,422.577284020756
188.0,422.8494689724748
188.20000000000002,423.1216242626068
188.4,423.39374989115197
188.60000000000002,423.6658458581102
188.8,423.93791216348154
189.0,424.20994880726596
189.20000000000002,424.48195578946354
189.4,424.7539331100742
189.60000000000002,425.02588076909797
189.8,425.2977987665349
190.0,425.56968710238493
190.20000000000002,425.8415457766481
190.4,426.1133747893243
190.60000000000002,426.3851741404137
190.8,426.65694382991626
191.0,426.92868385783186
191.20000000000002,427.2003942241605
191.4,427.47207492890243
191.60000000000002,427.7437259720574
191.8,428.01534735362543
192.0,428.2869390736066
192.20000000000002,428.55850113200097
192.4,428.83003352880837
192.60000000000002,429.10153626402894
192.8,429.37300933766255
193.0,429.64445274970933
193.20000000000002,429.9158665001693
193.4,430.18725058904226
193.60000000000002,430.4586050163283
193.8,430.7299297820276
194.0,431.00122488614
194.20000000000002,431.2724903286654
194.4,431.543726109604
194.60000000000002,431.81493222895574
194.8,432.08610868672054
195.0,432.3572554828985
195.20000000000002,432.6283726174895
195.4,432.8994600904937
195.60000000000002,433.170517901911
195.8,433.4415460517414
196.0,433.71254453998495
196.20000000000002,433.98351336664155
196.4,434.2544525317113
196.60000000000002,434.5253620351941
196.8,434.7962418770901
197.0,435.06709205739924
197.20000000000002,435.3379125761214
197.4,435.6087034332568
197.60000000000002,435.8794646288052
197.8,436.15019616276675
198.0,436.4208980351415
198.20000000000002,436.69157024592926
198.4,436.9622127951302
198.60000000000002,437.2328256827442
198.8,437.50340890877135
199.0,437.77396247321155
199.20000000000002,438.0444863760649
199.4,438.31498061733146
199.60000000000002,438.58544519701104
199.8,438.8558801151038
200.0,439.1262853716096
200.20000000000002,439.39666096652854
200.4,439.66700689986067
200.60000000000002,439.93732317160584
200.8,440.2076097817642
201.0,440.47786673033556
201.20000000000002,440.74809401732
201.4,441.0182916427177
201.60000000000002,441.2884596065285
201.8,441.5585979087524
202.0,441.8287065493894
202.20000000000002,442.0987855284394
202.4,442.3688348459027
202.60000000000002,442.63885450177906
202.8,442.9088444960686
203.0,443.17880482877115
203.20000000000002,443.44873549988677
203.4,443.71863650941566
203.60000000000002,443.9885078573575
203.8,444.2583495437126
204.0,444.52816156848075
204.20000000000002,444.79794393166196
204.4,445.06769663325645
204.60000000000002,445.33741967326387
204.8,445.60711305168456
205.0,445.8767767685183
205.20000000000002,446.1464108237651
205.4,446.41601521742507
205.60000000000002,446.6855899494982
205.8,446.9551519764551
206.0,447.2246848902465
206.20000000000002,447.4941883630495
206.4,447.763662394864
206.60000000000002,448.03310698569
206.8,448.3025221355275
207.0,448.57190784437637
207.20000000000002,448.8412641122369
207.4,449.1105909391089
207.60000000000002,449.3798883249923
207.8,449.64915626988727
208.0,449.9183947737937
208.20000000000002,450.18760383671156
208.4,450.456783458641
208.60000000000002,450.72593363958185
208.8,450.9950543795343
209.0,451.26414567849827
209.20000000000002,451.5332075364736
209.4,451.80223995346057
209.60000000000002,452.0712429294589
209.8,452.3402164644689
210.0,452.6091605584902
210.20000000000002,452.8780752115231
210.4,453.1469604235675
210.60000000000002,453.4158161946233
210.8,453.68464252469073
211.0,453.9534394137696
211.20000000000002,454.22220686185995
211.4,454.49094486896183
211.60000000000002,454.75965343507517
211.8,455.02833256019994
212.0,455.2969822443363
212.20000000000002,455.56560248748417
212.4,455.8341932896435
212.60000000000002,456.1027546508143
212.8,456.37128657099663
213.0,456.6397890501904
213.20000000000002,456.90826208839576
213.4,457.17670568561255
213.60000000000002,457.4451198418408
213.8,457.7135045570807
214.0,457.9818598313319
214.20000000000002,458.2501856645947
214.4,458.51848205686895
214.60000000000002,458.78674900815474
214.8,459.0549865184521
215.0,459.3231945877608
215.20000000000002,459.591373216081
215.4,459.8595224034128
215.60000000000002,460.12764214975607
215.8,460.39573245511076
216.0,460.663793319477
216.20000000000002,460.9318247428548
216.4,461.19982672524407
216.60000000000002,461.46779926664476
216.8,461.735742367057
217.0,462.0036560264807
217.20000000000002,462.27154024491585
217.4,462.53939502236256
217.60000000000002,462.8072203588208
217.8,463.0750162542905
218.0,463.34278270877167
218.20000000000002,463.61051972226437
218.4,463.8782272947685
218.60000000000002,464.14590542628423
218.8,464.4135541168114
219.0,464.6811733663501
219.20000000000002,464.94876317490025
219.4,465.21632354246185
219.60000000000002,465.483854469035
219.8,465.7513559546197
220.0,466.0188279992159
220.20000000000002,466.2862706028235
220.4,466.55368376544266
220.60000000000002,466.82106748707326
220.8,467.08842176771543
221.0,467.35574660736904
221.20000000000002,467.6230420060341
221.4,467.8903079637107
221.60000000000002,468.15754448039877
221.8,468.4247515560984
222.0,468.69192919080956
222.20000000000002,468.95907738453207
222.4,469.22619613726624
222.60000000000002,469.49328544901175
222.8,469.7603453197688
223.0,470.02737574953744
223.20000000000002,470.2943767383175
223.4,470.561348286109
223.60000000000002,470.8282903929121
223.8,471.0952030587267
224.0,471.3620862835527
224.20000000000002,471.6289400673902
224.4,471.8957644102393
224.60000000000002,472.1625593120998
224.8,472.4293247729719
225.0,472.6960607928554
225.20000000000002,472.9627673717504
225.4,473.2294445096569
225.60000000000002,473.4960922065749
225.8,473.7627104625044
226.0,474.0292992774454
226.20000000000002,474.2958586513979
226.4,474.5623885843619
226.60000000000002,474.8288890763374
226.8,475.0953601273244
227.0,475.3618017373228
227.20000000000002,475.6282139063328
227.4,475.89459663435423
227.60000000000002,476.1609499213872
227.8,476.42727376743164
228.0,476.69356817248763
228.20000000000002,476.95983313655506
228.4,477.22606865963405
228.60000000000002,477.4922747417245
228.8,477.75845138282637
229.0,478.0245985829398
229.20000000000002,478.2907163420647
229.4,478.5568046602011
229.60000000000002,478.822863537349
229.8,479.08889297350845
230.0,479.35489296867934
230.20000000000002,479.6208635228618
230.4,479.8868046360557
230.60000000000002,480.152716308261
230.8,480.4185985394779
231.0,480.68445132970635
231.20000000000002,480.95027467894613
231.4,481.2160685871976
231.60000000000002,481.48183305446037
231.8,481.7475680807348
232.0,482.0132736660206
232.20000000000002,482.27894981031795
232.4,482.54459651362686
232.60000000000002,482.8102137759471
232.8,483.075801597279
233.0,483.34135997762235
233.20000000000002,483.60688891697714
233.4,483.8723884153435
233.60000000000002,484.1378584727213
233.8,484.40329908911065
234.0,484.66871026451133
234.20000000000002,484.9340919989237
234.4,485.1994442923475
234.60000000000002,485.46476714478274
234.8,485.73006055622955
235.0,485.9953245266878
235.20000000000002,486.2605590561576
235.4,486.52576414463886
235.60000000000002,486.79093979213167
235.8,487.0560859986359
236.0,487.3212027641516
236.20000000000002,487.5862900886789
236.4,487.8513479722177
236.60000000000002,488.11637641476796
236.8,488.381380791472
237.0,488.64637301914695
237.20000000000002,488.9113360941824
237.4,489.1762700165783
237.60000000000002,489.4411747863347
237.8,489.7060504034515
238.0,489.9708968679288
238.20000000000002,490.23571417976655
238.4,490.5005023389648
238.60000000000002,490.7652613455234
238.8,491.0299911994425
239.0,491.294691900722
239.20000000000002,491.5593634493621
239.4,491.82400584536254
239.60000000000002,492.0886190887235
239.8,492.3532031794448
240.0,492.6177581175266
240.20000000000002,492.8822839029689
240.4,493.14678053577165
240.60000000000002,493.4112480159348
240.8,493.67568634345844
241.0,493.94009551834256
241.20000000000002,494.20447554058705
241.4,494.46882641019204
241.60000000000002,494.7331481271575
241.8,494.99744069148346
242.0,495.2617041031698
242.20000000000002,495.5259383622166
242.4,495.7901434686238
242.60000000000002,496.0543194223916
242.8,496.31846622351975
243.0,496.5825838720084
243.20000000000002,496.8466723678574
243.4,497.11073171106693
243.60000000000002,497.37476190163693
243.8,497.6387629395674
244.0,497.90273482485827
244.20000000000002,498.1666775575096
244.4,498.43059113752145
244.60000000000002,498.69447556489365
244.8,498.95833083962646
245.0,499.2221569617195
245.20000000000002,499.4859539311732
245.4,499.7497217479872
245.60000000000002,500.01346041216175
245.8,500.27716992369676
246.0,500.54085028259215
246.20000000000002,500.804501488848
246.4,501.0681235424644
246.60000000000002,501.3317164434412
246.8,501.59528019177844
247.0,501.85881478747615
247.20000000000002,502.1223202305342
247.4,502.3857965209529
247.60000000000002,502.64924365873196
247.8,502.9126616438715
248.0,503.1760504763714
248.20000000000002,503.4394101562318
248.4,503.7027406834527
248.60000000000002,503.9660420580341
248.8,504.2293142799758
249.0,504.49255734927806
249.20000000000002,504.7557712659408
249.4,505.0189560299639
249.60000000000002,505.28211164134746
249.8,505.5452381000915
250.0,505.8083354061961
250.20000000000002,506.071403559661
250.4,506.3344425604864
250.60000000000002,506.5974524086722
250.8,506.8604331042186
251.0,507.12338464712536
251.20000000000002,507.3863070373926
251.4,507.64920027502023
251.60000000000002,507.91206436000834
251.8,508.17489929235694
252.0,508.437705072066
252.20000000000002,508.7004816991355
252.4,508.9632291735654
252.60000000000002,509.22594749535585
252.8,509.48863666450666
253.0,509.75129668101806
253.20000000000002,510.0139275448897
253.4,510.276529256122
253.60000000000002,510.5391018147146
253.8,510.80164522066775
254.0,511.06415947398136
254.20000000000002,511.32664457465535
254.4,511.5891005226898
254.60000000000002,511.8515273180848
254.8,512.1139249608402
255.0,512.376293450956
255.20000000000002,512.6386327884323
255.4,512.9009429732691
255.60000000000002,513.1632240054663
255.8,513.425475885024
256.0,513.6876986119421
256.2,513.9498921862206
256.40000000000003,514.2120566078596
256.6,514.4741918768591
256.8,514.7362979932191
257.0,514.9983749569394
257.2,515.2604227680202
257.40000000000003,515.5224414264616
257.6,515.7844309322633
257.8,516.0463912854254
258.0,516.3083224859481
258.2,516.5702245338313
258.40000000000003,516.8320974290748
258.6,517.0939411716788
258.8,517.3557557616433
259.0,517.6175411989682
259.2,517.8792974836535
259.40000000000003,518.1410246156994
259.6,518.4027225951057
259.8,518.6643914218724
260.0,518.9260310959995
260.2,519.1876416174872
260.40000000000003,519.4492229863353
260.6,519.7107752025439
260.8,519.9722982661128
261.0,520.2337921770423
261.2,520.4952569353322
261.40000000000003,520.7566925409825
261.6,521.0180989939934
261.8,521.2794762943647
262.0,521.5408244420963
262.2,521.8021434371885
262.40000000000003,522.0634332796411
262.6,522.3246939694543
262.8,522.5859255066279
263.0,522.8471278911618
263.2,523.1083011230562
263.40000000000003,523.3694452023111
263.6,523.6305601289265
263.8,523.8916459029023
264.0,524.1527025242385
264.2,524.4137299929353
264.40000000000003,524.6747283089924
264.6,524.9356974724101
264.8,525.1966374831882
265.0,525.4575483413266
265.2,525.7184300468256
265.40000000000003,525.979282599685
265.6,526.2401059999049
265.8,526.5009002474853
266.0,526.7616653424261
266.2,527.0224012847273
266.40000000000003,527.283108074389
266.6,527.5437857114113
266.8,527.8044341957938
267.0,528.0650535275369
267.2,528.3256437066403
267.40000000000003,528.5862047331043
267.6,528.8467366069287
267.8,529.1072393281137
268.0,529.3677250811679
268.2,529.6281942420611
268.40000000000003,529.8886345640665
268.6,530.149046047184
268.8,530.4094286914136
269.0,530.6697824967553
269.2,530.9301074632091
269.40000000000003,531.190403590775
269.6,531.450670879453
269.8,531.7109093292432
270.0,531.9711189401454
270.2,532.2312997121597
270.40000000000003,532.4914516452862
270.6,532.7515747395248
270.8,533.0116689948755
271.0,533.2717344113383
271.2,533.5317709889132
271.40000000000003,533.7917787276002
271.6,534.0517576273994
271.8,534.3117076883107
272.0,534.571628910334
272.2,534.8315212934693
272.40000000000003,535.091384837717
272.6,535.3512195430767
272.8,535.6110254095485
273.0,535.8708024371323
273.2,536.1305506258283
273.40000000000003,536.3902699756364
273.6,536.6499604865568
273.8,536.9096221585891
274.0,537.1692549917335
274.2,537.42885898599
274.40000000000003,537.6884341413587
274.6,537.9479804578395
274.8,538.2074979354323
275.0,538.4669865741374
275.2,538.7264463739544
275.40000000000003,538.9858773348836
275.6,539.2452794569251
275.8,539.5046527400785
276.0,539.763997184344
276.2,540.0233127897217
276.40000000000003,540.2825995562114
276.6,540.5418574838134
276.8,540.8010865725273
277.0,541.0602868223534
277.2,541.3194582332916
277.40000000000003,541.5786008053419
277.6,541.8377145385044
277.8,542.096799432779
278.0,542.3558554881656
278.2,542.6148827046643
278.40000000000003,542.8738810822751
278.6,543.1328506209982
278.8,543.3917913208332
279.0,543.6507031817805
279.2,543.9095862038398
279.40000000000003,544.1684403870112
279.6,544.4272657312948
279.8,544.6860622366904
280.0,544.9448299031982
280.2,545.203568730818
280.40000000000003,545.4622787195499
280.6,545.720959869394
280.8,545.9796121803503
281.0,546.2382356524186
281.2,546.4968302855989
281.40000000000003,546.7553960798914
281.6,547.0139330352962
281.8,547.2724411518128
282.0,547.5309204294417
282.2,547.7893708681827
282.40000000000003,548.0477924680357
282.6,548.3061852290009
282.8,548.5645491510783
283.0,548.8228842342676
283.2,549.081190478569
283.40000000000003,549.3394678839827
283.6,549.5977164505085
283.8,549.8559361781463
284.0,550.1141270668962
284.2,550.3722891167583
284.40000000000003,550.6304223277325
284.6,550.8885266998188
284.8,551.1466022330172
285.0,551.4046489273277
285.2,551.6626667827503
285.40000000000003,551.920655799285
285.6,552.1786159769318
285.8,552.4365473156909
286.0,552.6944498155618
286.2,552.952323476545
286.40000000000003,553.2101682986403
286.6,553.4679842818477
286.8,553.7257714261672
287.0,553.9835297315988
287.2,554.2412591981425
287.40000000000003,554.4989598257982
287.6,554.7566316145662
287.8,555.0142745644463
288.0,555.2718886754384
288.2,555.5294739475427
288.40000000000003,555.787030380759
288.6,556.0445579750876
288.8,556.3020567305282
289.0,556.5595266470808
289.2,556.8169677247457
289.40000000000003,557.0743799635226
289.6,557.3317633634117
289.8,557.5891179244128
290.0,557.846443646526
290.2,558.1037405297513
290.40000000000003,558.3610085740888
290.6,558.6182477795385
290.8,558.8754581461002
291.0,559.132639673774
291.2,559.3897923625599
291.40000000000003,559.6469162124579
291.6,559.904011223468
291.8,560.1610773955903
292.0,560.4181147288247
292.2,560.6751232231711
292.40000000000003,560.9321028786296
292.6,561.1890536952004
292.8,561.4459756728832
293.0,561.7028688116781
293.2,561.959733111585
293.40000000000003,562.2165685726042
293.6,562.4733751947355
293.8,562.7301529779788
294.0,562.9869019223343
294.2,563.2436220278018
294.40000000000003,563.5003132943815
294.6,563.7569757220733
294.8,564.0136093108772
295.0,564.2702140607933
295.2,564.5267899718212
295.40000000000003,564.7833370439615
295.6,565.0398552772139
295.8,565.2963446715784
296.0,565.5528052270549
296.2,565.8092369436436
296.40000000000003,566.0656398213443
296.6,566.3220138601572
296.8,566.5783590600822
297.0,566.8346754211193
297.2,567.0909629432686
297.40000000000003,567.3472216265299
297.6,567.6034514709033
297.8,567.8596524763889
298.0,568.1158246429865
298.2,568.3719679706962
298.40000000000003,568.6280824595182
298.6,568.8841681094522
298.8,569.1402249204982
299.0,569.3962528926564
299.2,569.6522748401068
299.40000000000003,569.9082757180274
299.6,570.1642481851825
299.8,570.4201922423593
300.0,570.6761078903456
300.2,570.9319951299286
300.40000000000003,571.1878539618958
300.6,571.4436843870348
300.8,571.6994864061329
301.0,571.9552600199777
301.2,572.2110052293567
301.40000000000003,572.4667220350572
301.6,572.7224104378669
301.8,572.9780704385731
302.0,573.2337020379633
302.2,573.489305236825
302.40000000000003,573.7448800359456
302.6,574.0004264361128
302.8,574.2559444381138
303.0,574.5114340427361
303.2,574.7668952507674
303.40000000000003,575.0223280629949
303.6,575.2777324802064
303.8,575.5331085031889
304.0,575.7884561327303
304.2,576.0437753696178
304.40000000000003,576.2990662146391
304.6,576.5543286685815
304.8,576.8095627322325
305.0,577.0647684063796
305.2,577.3199456918102
305.40000000000003,577.5750945893119
305.6,577.8302150996722
305.8,578.0853072236783
306.0,578.340370962118
306.2,578.5954063157784
306.40000000000003,578.8504132854474
306.6,579.1053918719123
306.8,579.3603420759604
307.0,579.6152638983792
307.20000000000005,579.8701573399564
307.40000000000003,580.1250224014794
307.6,580.3798590837356
307.8,580.6346673875124
308.0,580.8894473135975
308.20000000000005,581.1441988627781
308.40000000000003,581.3989220358419
308.6,581.6536168335763
308.8,581.9082832567686
309.0,582.1629213062065
309.20000000000005,582.4175309826774
309.40000000000003,582.6721122869687
309.6,582.926665219868
309.8,583.1811897821627
310.0,583.4356859746403
310.20000000000005,583.6901537980881
310.40000000000003,583.9445932532939
310.6,584.1990043410449
310.8,584.4533870621286
311.0,584.7077414173326
311.20000000000005,584.9620674074444
311.40000000000003,585.2163650332512
311.6,585.4706342955408
311.8,585.7248751951004
312.0,585.9790877327175
312.20000000000005,586.2332719091797
312.40000000000003,586.4874277252746
312.6,586.7415551817894
312.8,586.9956542795117
313.0,587.2497250192289
313.20000000000005,587.5037674017285
313.40000000000003,587.7577814277981
313.6,588.0117670982249
313.8,588.2657244137966
314.0,588.5196533753007
314.20000000000005,588.7735539835244
314.40000000000003,589.0274262392555
314.6,589.2812701432812
314.8,589.5350856963892
315.0,589.7888728993667
315.20000000000005,590.0426317530014
315.40000000000003,590.2963622580808
315.6,590.5500644153921
315.8,590.803738225723
316.0,591.0573836898609
316.20000000000005,591.3110008085933
316.40000000000003,591.5645895827078
316.6,591.8181500129915
316.8,592.0716821002322
317.0,592.3251858452172
317.20000000000005,592.5786612487341
317.40000000000003,592.8321083115704
317.6,593.0855270345133
317.8,593.3389174183507
318.0,593.5922794638695
318.20000000000005,593.8456131718577
318.40000000000003,594.0989185431026
318.6,594.3521955783916
318.8,594.6054442785122
319.0,594.8586646442519
319.20000000000005,595.1118566763981
319.40000000000003,595.3650203757384
319.6,595.6181557430601
319.8,595.8712627791508
320.0,596.124341484798
320.20000000000005,596.3773918607891
320.40000000000003,596.6304139079116
320.6,596.8834076269528
320.8,597.1363730187005
321.0,597.389310083942
321.20000000000005,597.6422188234645
321.40000000000003,597.8950992380561
321.6,598.1479513285037
321.8,598.400775095595
322.0,598.6535705401175
322.20000000000005,598.9063376628585
322.40000000000003,599.1590764646058
322.6,599.4117869461465
322.8,599.6644691082683
323.0,599.9171229517586
323.20000000000005,600.1697484774048
323.40000000000003,600.4223456859946
323.6,600.6749145783153
323.8,600.9274551551543
324.0,601.1799674172993
324.20000000000005,601.4324513655375
324.40000000000003,601.6849070006566
324.6,601.9373343234439
324.8,602.189733334687
325.0,602.4421040351733
325.20000000000005,602.6944464256903
325.40000000000003,602.9467605070255
325.6,603.1990462799663
325.8,603.4513037453003
326.0,603.7035329038147
326.20000000000005,603.9557337562973
326.40000000000003,604.2079063035353
326.6,604.4600505463164
326.8,604.7121664854279
327.0,604.9642541216573
327.20000000000005,605.2163134557921
327.40000000000003,605.46834448862
327.6,605.720347220928
327.8,605.972321653504
328.0,606.2242677871351
328.20000000000005,606.476185622609
328.40000000000003,606.7280751607133
328.6,606.9799364022352
328.8,607.2317693479622
329.0,607.4835739986819
329.20000000000005,607.7353503551818
329.40000000000003,607.9870984182493
329.6,608.2388181886718
329.8,608.4905096672368
330.0,608.7421728547317
330.20000000000005,608.9938077519442
330.40000000000003,609.2454143596617
330.6,609.4969926786716
330.8,609.7485427097614
331.0,610.0000644537184
331.20000000000005,610.2515579113303
331.40000000000003,610.5030230833847
331.6,610.7544599706687
331.8,611.00586857397
332.0,611.2572488940759
332.20000000000005,611.5086009317741
332.40000000000003,611.759924687852
332.6,612.0112201630969
332.8,612.2624873582965
333.0,612.5137262742381
333.20000000000005,612.7649369117094
333.40000000000003,613.0161192714976
333.6,613.2672733543903
333.8,613.5183991611749
334.0,613.769496692639
334.20000000000005,614.02056594957
334.40000000000003,614.2716069327554
334.6,614.5226196429826
334.8,614.7736040810391
335.0,615.0245602477124
335.20000000000005,615.27548814379
335.40000000000003,615.5263877700593
335.6,615.7772591273078
335.8,616.028102216323
336.0,616.2789170378923
336.20000000000005,616.5297035928031
336.40000000000003,616.7804618818433
336.6,617.0311919057998
336.8,617.2818936654604
337.0,617.5325671616124
337.20000000000005,617.7832123950435
337.40000000000003,618.0338293665411
337.6,618.2844180768925
337.8,618.5349785268853
338.0,618.7855107173069
338.20000000000005,619.036014648945
338.40000000000003,619.2864903225868
338.6,619.5369377390198
338.8,619.7873568990316
339.0,620.0377478034096
339.20000000000005,620.2881104529413
339.40000000000003,620.5384448484142
339.6,620.7887509906157
339.8,621.0390288803333
340.0,621.2892785183544
340.20000000000005,621.5394999054665
340.40000000000003,621.7896930424573
340.6,622.039857930114
340.8,622.2899945692242
341.0,622.5401029605752
341.20000000000005,622.7901831049546
341.40000000000003,623.04023500315
341.6,623.2902586559487
341.8,623.5402540641381
342.0,623.790221228506
342.20000000000005,624.0401601498394
342.40000000000003,624.2900708289262
342.6,624.5399532665537
342.8,624.7898074635093
343.0,625.0396334205805
343.20000000000005,625.2894311385548
343.40000000000003,625.5392006182199
343.6,625.7889418603628
343.8,626.0386548657713
344.0,626.2883396352328
344.20000000000005,626.5379961695348
344.40000000000003,626.7876244694647
344.6,627.0372245358101
344.8,627.2867963693583
345.0,627.5363399708968
345.20000000000005,627.7858553412132
345.40000000000003,628.035342481095
345.6,628.2848013913293
345.8,628.5342320727041
346.0,628.7836345260064
346.20000000000005,629.033008752024
346.40000000000003,629.2823547515442
346.6,629.5316725253546
346.8,629.7809620742424
347.0,630.0302233989954
347.20000000000005,630.279456500401
347.40000000000003,630.5286613792466
347.6,630.7778380363196
347.8,631.0269864724075
348.0,631.276106688298
348.20000000000005,631.5251986847783
348.40000000000003,631.774262462636
348.6,632.0232980226584
348.8,632.2723053656332
349.0,632.5212844923477
349.20000000000005,632.7702354035896
349.40000000000003,633.0191581001462
349.6,633.2680525828049
349.8,633.5169188523532
350.0,633.7657569095788
350.20000000000005,634.0145667552689
350.40000000000003,634.2633483902111
350.6,634.512101815193
350.8,634.7608270310017
351.0,635.009524038425
351.20000000000005,635.2581928382502
351.40000000000003,635.5068334312649
351.6,635.7554458182565
351.8,636.0040300000124
352.0,636.2525859773202
352.20000000000005,636.5011137509673
352.40000000000003,636.7496133217413
352.6,636.9980846904294
352.8,637.2465278578194
353.0,637.4949428246985
353.20000000000005,637.7433295918543
353.40000000000003,637.9916881600742
353.6,638.2400185301458
353.8,638.4883207028564
354.0,638.7365946789936
354.20000000000005,638.9848404593448
354.40000000000003,639.2330580446976
354.6,639.4812474358392
354.8,639.7294086335573
355.0,639.9775416386394
355.20000000000005,640.2256464518729
355.40000000000003,640.4737230740453
355.6,640.7217715059439
355.8,640.9697917483563
356.0,641.21778380207
356.20000000000005,641.4657476678725
356.40000000000003,641.7136833465513
356.6,641.9615908388936
356.8,642.2094701456872
357.0,642.4573212677193
357.20000000000005,642.7051442057775
357.40000000000003,642.9529389606495
357.6,643.2007055331223
357.8,643.4484439239837
358.0,643.6961541340211
358.20000000000005,643.943836164022
358.40000000000003,644.1914900147738
358.6,644.4391156870639
358.8,644.6867131816799
359.0,644.9342824994093
359.20000000000005,645.1818236410395
359.40000000000003,645.429336607358
359.6,645.6768213991522
359.8,645.9242780172098
360.0,646.1717110334982
360.20000000000005,646.4191419576616
360.40000000000003,646.6665450115386
360.6,646.9139201969012
360.8,647.1612675155219
361.0,647.4085869691727
361.20000000000005,647.6558785596258
361.40000000000003,647.9031422886536
361.6,648.150378158028
361.8,648.3975861695216
362.0,648.6447663249062
362.20000000000005,648.8919186259542
362.40000000000003,649.1390430744378
362.6,649.3861396721293
362.8,649.6332084208008
363.0,649.8802493222245
363.20000000000005,650.1272623781725
363.40000000000003,650.3742475904173
363.6,650.6212049607309
363.8,650.8681344908855
364.0,651.1150361826534
364.20000000000005,651.3619100378066
364.40000000000003,651.6087560581177
364.6,651.8555742453585
364.8,652.1023646013015
365.0,652.3491271277187
365.20000000000005,652.5958618263824
365.40000000000003,652.8425686990648
365.6,653.0892477475381
365.8,653.3358989735746
366.0,653.5825223789462
366.20000000000005,653.8291179654254
366.40000000000003,654.0756857347845
366.6,654.3222256887954
366.8,654.5687378292304
367.0,654.8152221578619
367.20000000000005,655.0616786764617
367.40000000000003,655.3081073868025
367.6,655.5545082906561
367.8,655.800881389795
368.0,656.0472266859912
368.20000000000005,656.293544181017
368.40000000000003,656.5398338766446
368.6,656.7860957746461
368.8,657.0323298767939
369.0,657.2785361848602
369.20000000000005,657.524714700617
369.40000000000003,657.7708654258366
369.6,658.0169883622913
369.8,658.2630835117532
370.0,658.5091508759945
370.20000000000005,658.7551904567874
370.40000000000003,659.0012022559043
370.6,659.2471862751173
370.8,659.4931425161984
371.0,659.73907098092
371.20000000000005,659.9849716710544
371.40000000000003,660.2308445883737
371.6,660.47668973465
371.8,660.7225071116555
372.0,660.9682967211626
372.20000000000005,661.2140585649435
372.40000000000003,661.4597926447702
372.6,661.705498962415
372.8,661.9511775196503
373.0,662.196828318248
373.20000000000005,662.4424513599804
373.40000000000003,662.6880466466199
373.6,662.9336141799384
373.8,663.1791539617084
374.0,663.4246659937019
374.20000000000005,663.6701502776912
374.40000000000003,663.9156068154485
374.6,664.1610356087459
374.8,664.4064366593558
375.0,664.6518099690502
375.20000000000005,664.8971555396015
375.40000000000003,665.1424733727818
375.6,665.3877634703633
375.8,665.6330258341181
376.0,665.8782604658187
376.20000000000005,666.1234673672371
376.40000000000003,666.3686465401456
376.6,666.6137979863163
376.8,666.8589217075214
377.0,667.1040177055332
377.20000000000005,667.3490859821238
377.40000000000003,667.5941265390657
377.6,667.8391393781307
377.8,668.0841245010912
378.0,668.3290819097194
378.20000000000005,668.5740116057875
378.40000000000003,668.8189135910678
378.6,669.0637878673324
378.8,669.3086344363535
379.0,669.5534532999033
379.20000000000005,669.798244459754
379.40000000000003,670.0430079176779
379.6,670.2877436754471
379.8,670.5324517348339
380.0,670.7771320976104
380.20000000000005,671.0217847655489
380.40000000000003,671.2664097404216
380.6,671.5110070240007
380.8,671.7555766180584
381.0,672.0001185243668
381.20000000000005,672.2446327446982
381.40000000000003,672.4891192808249
381.6,672.733578134519
381.8,672.9780093075526
382.0,673.222412801698
382.20000000000005,673.4667886187276
382.40000000000003,673.7111367604134
382.6,673.9554572285276
382.8,674.1997500248425
383.0,674.4440151511302
383.20000000000005,674.6882526091629
383.40000000000003,674.932462400713
383.6,675.1766445275525
383.8,675.4207989914537
384.0,675.6649257941888
384.20000000000005,675.9090249375299
384.40000000000003,676.1530964232495
384.6,676.3971402531195
384.8,676.6411564289122
385.0,676.8851449523997
385.20000000000005,677.1291058253545
385.40000000000003,677.3730390495487
385.6,677.6169446267542
385.8,677.8608225587435
386.0,678.1046728472888
386.20000000000005,678.3484954941623
386.40000000000003,678.5922905011362
386.6,678.8360578699826
386.8,679.0797976024737
387.0,679.3235097003819
387.20000000000005,679.5671941654792
387.40000000000003,679.810850999538
387.6,680.0544802043304
387.8,680.2980817816285
388.0,680.5416557332047
388.20000000000005,680.7852020608311
388.40000000000003,681.02872076628
388.6,681.2722118513234
388.8,681.5156753177337
389.0,681.7591111672831
389.20000000000005,682.0025194017436
389.40000000000003,682.2459000228878
389.6,682.4892530324875
389.8,682.732578432315
390.0,682.9758762241427
390.20000000000005,683.2191464097426
390.40000000000003,683.4623889908872
390.6,683.7056039693483
390.8,683.9487913468984
391.0,684.1919511253095
391.20000000000005,684.4350833063539
391.40000000000003,684.6781878918041
391.6,684.9212648834318
391.8,685.1643142830094
392.0,685.4073360923093
392.20000000000005,685.6503303131034
392.40000000000003,685.8932969471642
392.6,686.1362359962636
392.8,686.379147462174
393.0,686.6220313466677
393.20000000000005,686.8648876515167
393.40000000000003,687.1077163784934
393.6,687.3505175293698
393.8,687.5932911059181
394.0,687.8360371099106
394.20000000000005,688.0787555431197
394.40000000000003,688.3214464073174
394.6,688.5641097042758
394.8,688.8067454357673
395.0,689.049353603564
395.20000000000005,689.2919342094381
395.40000000000003,689.5344872551619
395.6,689.7770127425076
395.8,690.0195106732474
396.0,690.2619810491534
396.20000000000005,690.5044238719978
396.40000000000003,690.7468391435531
396.6,690.9892268655911
396.8,691.2315870398843
397.0,691.4739196682046
397.20000000000005,691.7162247523246
397.40000000000003,691.9585022940164
397.6,692.200752295052
397.8,692.4429747572036
398.0,692.6851696822437
398.20000000000005,692.9273370719443
398.40000000000003,693.1694769280776
398.6,693.411589252416
398.8,693.6536740467315
399.0,693.8957313127962
399.20000000000005,694.1377610523826
399.40000000000003,694.3797632672629
399.6,694.621737959209
399.8,694.8636851299933
400.0,695.105604781388
400.20000000000005,695.3474969151654
400.40000000000003,695.5893615330976
400.6,695.8311986369567
400.8,696.0730082285152
401.0,696.314790309545
401.20000000000005,696.5565448818185
401.40000000000003,696.7982719471078
401.6,697.0399715071851
401.8,697.2816435638227
402.0,697.5232881187928
402.20000000000005,697.7649051738675
402.40000000000003,698.0064947308192
402.6,698.2480567914199
402.8,698.4895913574419
403.0,698.7310984306573
403.20000000000005,698.9725780128384
403.40000000000003,699.2140301057576
403.6,699.4554547111868
403.8,699.6968518308983
404.0,699.9382214666643
404.20000000000005,700.1795636202571
404.40000000000003,700.4208782934488
404.6,700.6621654880116
404.8,700.9034252057179
405.0,701.1446574483396
405.20000000000005,701.3858622176491
405.40000000000003,701.6270395154187
405.6,701.8681893434203
405.8,702.1093117034263
406.0,702.3504065972089
406.20000000000005,702.5914740265404
406.40000000000003,702.8325139931928
406.6,703.0735264989385
406.8,703.3145115455495
407.0,703.5554691347982
407.20000000000005,703.7963992684566
407.40000000000003,704.0373019482973
407.6,704.2781771760921
407.8,704.5190249536132
408.0,704.7598452826331
408.20000000000005,705.0006381649239
408.40000000000003,705.2414036022577
408.6,705.4821415964068
408.8,705.7228521491433
409.0,705.9635352622395
409.20000000000005,706.2041909374676
409.40000000000003,706.4448191765999
409.6,706.6854199814084
409.8,706.9259933536654
410.0,707.1665392951431
410.20000000000005,707.4070578076138
410.40000000000003,707.6475488928497
410.6,707.8880125526229
410.8,708.1284487887054
411.0,708.3688576028699
411.20000000000005,708.6092389968883
411.40000000000003,708.8495929725328
411.6,709.0899195315758
411.8,709.3302186757892
412.0,709.5704904069455
412.20000000000005,709.8107347268167
412.40000000000003,710.0509516371752
412.6,710.291141139793
412.8,710.5313032364425
413.0,710.7714379288957
413.20000000000005,711.011545218925
413.40000000000003,711.2516251083025
413.6,711.4916775988005
413.8,711.731702692191
414.0,711.9717003902464
414.20000000000005,712.2116706947388
414.40000000000003,712.4516136074407
414.6,712.6915291301239
414.8,712.9314172645607
415.0,713.1712780125233
415.20000000000005,713.4111113757841
415.40000000000003,713.6509173561153
415.6,713.8906959552888
415.8,714.1304471750772
416.0,714.3701710172523
416.20000000000005,714.6098674835866
416.40000000000003,714.8495365758523
416.6,715.0891782958215
416.8,715.3287926452664
417.0,715.5683796259592
417.20000000000005,715.8079392396721
417.40000000000003,716.0474714881775
417.6,716.2869763732474
417.8,716.5264538966541
418.0,716.7659040601696
418.20000000000005,717.0053268655664
418.40000000000003,717.2447223146168
418.6,717.4840904090925
418.8,717.723431150766
419.0,717.9627445414096
419.20000000000005,718.2020305827954
419.40000000000003,718.4412892766957
419.6,718.6805206248824
419.8,718.919724629128
420.0,719.1589012912048
420.20000000000005,719.3980506128846
420.40000000000003,719.6371725959401
420.6,719.8762672421432
420.8,720.115334553266
421.0,720.3543808316098
421.20000000000005,720.5934051320478
421.40000000000003,720.832402216907
421.6,721.0713720883323
421.8,721.3103147484692
422.0,721.5492301994626
422.20000000000005,721.788118443458
422.40000000000003,722.0269794826004
422.6,722.2658133190349
422.8,722.5046199549068
423.0,722.7433993923612
423.20000000000005,722.9821516335433
423.40000000000003,723.2208766805984
423.6,723.4595745356714
423.8,723.6982452009078
424.0,723.9368886784524
424.20000000000005,724.1755049704507
424.40000000000003,724.4140940790478
424.6,724.6526560063888
424.8,724.891190754619
425.0,725.1296983258833
425.20000000000005,725.3681787223272
425.40000000000003,725.6066319460957
425.6,725.8450579993341
425.8,726.0834568841874
426.0,726.3218286028009
426.20000000000005,726.5601731573198
426.40000000000003,726.7984905498892
426.6,727.0367807826543
426.8,727.2750438577602
427.0,727.5132797773522
427.20000000000005,727.7514885435754
427.40000000000003,727.9896701585751
427.6,728.2278246244963
427.8,728.4659519434844
428.0,728.7040521176842
428.20000000000005,728.9421251492412
428.40000000000003,729.1801710403006
428.6,729.4181897930073
428.8,729.6561814095066
429.0,729.8941458919438
429.20000000000005,730.1320832424641
429.40000000000003,730.3699934632125
429.6,730.6078765563342
429.8,730.8457325239743
430.0,731.0835613682782
430.20000000000005,731.3213630913909
430.40000000000003,731.5591376954578
430.6,731.7968851826239
430.8,732.0346055550343
431.0,732.2722988148342
431.20000000000005,732.5099649641691
431.40000000000003,732.7476040051838
431.6,732.9852159400235
431.8,733.2228007708336
432.0,733.4603584997591
432.20000000000005,733.6978891289451
432.40000000000003,733.9353926605371
432.6,734.1728690966801
432.8,734.4103184395191
433.0,734.6477406911995
433.20000000000005,734.8851358538664
433.40000000000003,735.1225039296651
433.6,735.3598449207404
433.8,735.597158829238
434.0,735.8344456573026
434.20000000000005,736.0717054070797
434.40000000000003,736.3089380807144
434.6,736.5461436803517
434.8,736.7833222081371
435.0,737.0204736662155
435.20000000000005,737.2575980567321
435.40000000000003,737.4946953818322
435.6,737.731765643661
435.8,737.9688088443635
436.0,738.205824986085
436.20000000000005,738.4428140709706
436.40000000000003,738.6797761011657
436.6,738.9167110788151
436.8,739.1536190060642
437.0,739.3904998850581
437.20000000000005,739.6273537179422
437.40000000000003,739.8641805068614
437.6,740.1009802539611
437.8,740.3377529613862
438.0,740.5744986312822
438.20000000000005,740.8112172657939
438.40000000000003,741.0479088670668
438.6,741.284573437246
438.8,741.5212109784765
439.0,741.7578214929036
439.20000000000005,741.9944049826727
439.40000000000003,742.2309614499287
439.6,742.4674908968167
439.8,742.7039933254821
440.0,742.94046873807
440.20000000000005,743.1769171367256
440.40000000000003,743.413338523594
440.6,743.6497329008204
440.8,743.88610027055
441.0,744.122440634928
441.20000000000005,744.3587539960995
441.40000000000003,744.5950403562098
441.6,744.831299717404
441.8,745.0675320818272
442.0,745.3037374516247
442.20000000000005,745.5399158289416
442.40000000000003,745.7760672159231
442.6,746.0121916147144
442.8,746.2482890274607
443.0,746.4843594563071
443.20000000000005,746.7204029033987
443.40000000000003,746.956419370881
443.6,747.1924088608988
443.8,747.4283713755974
444.0,747.6643069171221
444.20000000000005,747.900215487618
444.40000000000003,748.1360970892302
444.6,748.3719517241041
444.8,748.6077793943845
445.0,748.8435801022168
445.20000000000005,749.0793538497463
445.40000000000003,749.3151006391181
445.6,749.5508204724772
445.8,749.7865133519689
446.0,750.0221792797383
446.20000000000005,750.2578182579307
446.40000000000003,750.4934302886913
446.6,750.7290153741652
446.8,750.9645735164976
447.0,751.2001047178334
447.20000000000005,751.4356089803183
447.40000000000003,751.6710863060972
447.6,751.9065366973151
447.8,752.1419601561175
448.0,752.3773566846493
448.20000000000005,752.6127262850558
448.40000000000003,752.8480689594825
448.6,753.083384710074
448.8,753.3186735389758
449.0,753.5539354483329
449.20000000000005,753.7891704402906
449.40000000000003,754.0243785169943
449.6,754.2595596805887
449.8,754.4947139332193
450.0,754.7298412770311
450.20000000000005,754.9649417141694
450.40000000000003,755.2000152467796
450.6,755.4350618770062
450.8,755.670081606995
451.0,755.9050744388911
451.20000000000005,756.1400403748393
451.40000000000003,756.3749794169852
451.6,756.6098915674737
451.8,756.8447768284501
452.0,757.0796352020596
452.20000000000005,757.3144666904474
452.40000000000003,757.5492712957586
452.6,757.7840490201382
452.8,758.0187998657317
453.0,758.253523834684
453.20000000000005,758.4882209291405
453.40000000000003,758.7228911512462
453.6,758.9575345031466
453.8,759.1921509869863
454.0,759.4267406049111
454.20000000000005,759.6613033590658
454.40000000000003,759.8958392515955
454.6,760.1303482846457
454.8,760.3648304603613
455.0,760.5992857808877
455.20000000000005,760.83371424837
455.40000000000003,761.0681158649533
455.6,761.3024906327827
455.8,761.5368385540036
456.0,761.7711596307612
456.20000000000005,762.0054538652004
456.40000000000003,762.2397212594666
456.6,762.4739618157047
456.8,762.7081755360604
457.0,762.9423624226782
457.20000000000005,763.1765224777038
457.40000000000003,763.4106557032823
457.6,763.6447621015587
457.8,763.8788416746783
458.0,764.1128944247861
458.20000000000005,764.3469203540275
458.40000000000003,764.5809194645475
458.6,764.8148917584914
458.8,765.0488372380042
459.0,765.2827559052315
459.20000000000005,765.516647762318
459.40000000000003,765.7505128114093
459.6,765.9843510546501
459.8,766.2181624941858
460.0,766.4519471321618
460.20000000000005,766.6857049707229
460.40000000000003,766.9194360120144
460.6,767.1531402581817
460.8,767.3868177113696
461.0,767.6204683737236
461.20000000000005,767.8540922473886
461.40000000000003,768.0876893345102
461.6,768.3212596372331
461.8,768.5548031577026
462.0,768.7883198980641
462.20000000000005,769.0218098604627
462.40000000000003,769.2552730470435
462.6,769.4887094599516
462.8,769.7221191013322
463.0,769.9555019733303
463.20000000000005,770.1888580780916
463.40000000000003,770.4221874177612
463.6,770.6554899944837
463.8,770.8887658104048
464.0,771.1220148676695
464.20000000000005,771.3552371684228
464.40000000000003,771.5884327148102
464.6,771.8216015089769
464.8,772.0547435530676
465.0,772.287858849228
465.20000000000005,772.5209473996032
465.40000000000003,772.7540092063381
465.6,772.9870442715779
465.8,773.220052597468
466.0,773.4530341861533
466.20000000000005,773.6859890397794
466.40000000000003,773.9189171604913
466.6,774.1518185504339
466.8,774.3846932117525
467.0,774.6175411465925
467.20000000000005,774.8503623570988
467.40000000000003,775.083156845417
467.6,775.3159246136917
467.8,775.5486656640684
468.0,775.7813799986922
468.20000000000005,776.0140676197085
468.40000000000003,776.2467285292622
468.6,776.4793627294983
468.8,776.7119702225626
469.0,776.9445510105996
469.20000000000005,777.1771050957551
469.40000000000003,777.4096324801739
469.6,777.6421331660011
469.8,777.874607155382
470.0,778.107054450462
470.20000000000005,778.3394750533859
470.40000000000003,778.5718689662991
470.6,778.8042361913466
470.8,779.0365767306738
471.0,779.2688905864258
471.20000000000005,779.5011777607477
471.40000000000003,779.7334382557848
471.6,779.965672073682
471.8,780.1978792165847
472.0,780.4300596866382
472.20000000000005,780.6622134859875
472.40000000000003,780.8943406167779
472.6,781.1264410811544
472.8,781.3585148812621
473.0,781.5905620192465
473.20000000000005,781.8225824972525
473.40000000000003,782.0545763174256
473.6,782.2865434819106
473.8,782.5184839928528
474.0,782.7503978523974
474.20000000000005,782.9822850626898
474.40000000000003,783.2141456258747
474.6,783.4459795440977
474.8,783.6777868195037
475.0,783.9095674542381
475.20000000000005,784.1413214504458
475.40000000000003,784.3730488102725
475.6,784.6047495358627
475.8,784.836423629362
476.0,785.0680710929154
476.20000000000005,785.2996919286683
476.40000000000003,785.5312861387657
476.6,785.7628537253526
476.8,785.9943946905745
477.0,786.2259090365766
477.20000000000005,786.4573967655036
477.40000000000003,786.6888578795014
477.6,786.9202923807144
477.8,787.1517002712884
478.0,787.3830815533682
478.20000000000005,787.6144362290992
478.40000000000003,787.8457643006265
478.6,788.0770657700951
478.8,788.3083406396505
479.0,788.5395889114376
479.20000000000005,788.7708105876019
479.40000000000003,789.0020056702882
479.6,789.2331741616418
479.8,789.464316063808
480.0,789.6954313789319
480.20000000000005,789.9265201091586
480.40000000000003,790.1575822566334
480.6,790.3886178235012
480.8,790.6196268119078
481.0,790.8506092239976
481.20000000000005,791.0815650619162
481.40000000000003,791.3124943278091
481.6,791.5433970238206
481.8,791.7742731520967
482.0,792.0051293290027
482.20000000000005,792.2359594355995
482.40000000000003,792.466763050354
482.6,792.6975401756373
482.8,792.9282908138217
483.0,793.1590149672787
483.20000000000005,793.3897126383803
483.40000000000003,793.6203838294981
483.6,793.8510285430035
483.8,794.0816467812689
484.0,794.3122385466655
484.20000000000005,794.5428038415656
484.40000000000003,794.7733426683407
484.6,795.0038550293622
484.8,795.2343409270023
485.0,795.4648003636329
485.20000000000005,795.6952333416253
485.40000000000003,795.9256398633514
485.6,796.1560199311831
485.8,796.3863735474921
486.0,796.6167007146502
486.20000000000005,796.847001435029
486.40000000000003,797.0772757110004
486.6,797.3075235449361
486.8,797.5377449392078
487.0,797.7679398961874
487.20000000000005,797.9981084182465
487.40000000000003,798.2282505077573
487.6,798.4583661670907
487.8,798.6884553986193
488.0,798.9185182047144
488.20000000000005,799.1485545877478
488.40000000000003,799.3785645500915
488.6,799.608548094117
488.8,799.8385052221962
489.0,800.0684359367007
489.20000000000005,800.2983402400024
489.40000000000003,800.5282181344731
489.6,800.7580696224846
489.8,800.9878947064084
490.0,801.2176933886163
490.20000000000005,801.4474656714802
490.40000000000003,801.6772115573721
490.6,801.9069310486633
490.8,802.1366241477257
491.0,802.366290856931
491.20000000000005,802.5959311786511
491.40000000000003,802.825545115258
491.6,803.0551326691228
491.8,803.2846938426177
492.0,803.5142286381146
492.20000000000005,803.7437370579847
492.40000000000003,803.9732191046004
492.6,804.202674780333
492.8,804.4321040875544
493.0,804.6615070286365
493.20000000000005,804.890883605951
493.40000000000003,805.1202338218694
493.6,805.3495576787637
493.8,805.5788551790057
494.0,805.808126324967
494.20000000000005,806.0373711190194
494.40000000000003,806.2665895635347
494.6,806.4957816608847
494.8,806.7249474134411
495.0,806.9540868235755
495.20000000000005,807.1831998936599
495.40000000000003,807.412286626066
495.6,807.6413470231656
495.8,807.8703810873302
496.0,808.099388820932
496.20000000000005,808.3283702263424
496.40000000000003,808.5573253059332
496.6,808.7862540620762
496.8,809.0151564971433
497.0,809.2440326135062
497.20000000000005,809.4728824135365
497.40000000000003,809.701705899606
497.6,809.9305030740865
497.8,810.1592739393499
498.0,810.3880184977678
498.20000000000005,810.6167367517118
498.40000000000003,810.8454287035541
498.6,811.074094355666
498.8,811.3027337104196
499.0,811.5313467701866
499.20000000000005,811.7599335373385
499.40000000000003,811.9884940142473
499.6,812.2170282032847
499.8,812.4455361068225
500.0,812.6740177272324
500.20000000000005,812.902473066886
500.40000000000003,813.1309021281555
500.6,813.3593049134123
500.8,813.5876814250283
501.0,813.8160316653751
501.20000000000005,814.0443556368247
501.40000000000003,814.2726533417484
501.6,814.5009247825186
501.8,814.7291699615065
502.0,814.9573888810843
502.20000000000005,815.1855815436235
502.40000000000003,815.413747951496
502.6,815.6418881070732
502.8,815.8700020127272
503.0,816.0980896708298
503.20000000000005,816.3261510837527
503.40000000000003,816.5541862538677
503.6,816.7821951835462
503.8,817.0101778751604
504.0,817.2381343310816
504.20000000000005,817.466064553682
504.40000000000003,817.6939685453334
504.6,817.921846308407
504.8,818.1496978452752
505.0,818.3775231583094
505.20000000000005,818.6053222498812
505.40000000000003,818.8330951223628
505.6,819.0608417781258
505.8,819.2885622195416
506.0,819.5162564489825
506.20000000000005,819.74392446882
506.40000000000003,819.9715662814259
506.6,820.1991818891719
506.8,820.4267712944298
507.0,820.6543344995713
507.20000000000005,820.8818715069684
507.40000000000003,821.1093823189925
507.6,821.3368669380155
507.8,821.5643253664092
508.0,821.7917576065455
508.20000000000005,822.0191636607957
508.40000000000003,822.2465435315322
508.6,822.4738972211261
508.8,822.7012247319498
509.0,822.9285260663745
509.20000000000005,823.1558012267723
509.40000000000003,823.3830502155148
509.6,823.6102730349738
509.8,823.8374696875211
510.0,824.0646401755283
510.20000000000005,824.2917845013673
510.40000000000003,824.5189026674101
510.6,824.7459946760279
510.8,824.973060529593
511.0,825.2001002304768
511.20000000000005,825.4271137810512
511.40000000000003,825.6541011836879
511.6,825.8810624407587
511.8,826.1079975546353
512.0,826.3349065276894
512.2,826.5617893622931
512.4,826.788646060818
512.6,827.0154766256354
512.8000000000001,827.2422810591178
513.0,827.4690593636366
513.2,827.6958115415631
513.4,827.92253759527
513.6,828.1492375271283
513.8000000000001,828.3759113395103
514.0,828.6025590347873
514.2,828.8291806153312
514.4,829.0557760835139
514.6,829.282345441707
514.8000000000001,829.5088886922823
515.0,829.7354058376117
515.2,829.9618968800668
515.4,830.1883618220194
515.6,830.4148006658412
515.8000000000001,830.641213413904
516.0,830.8676000685797
516.2,831.0939606322398
516.4,831.3202951072561
516.6,831.5466034960006
516.8000000000001,831.7728858008448
517.0,831.9991420241607
517.2,832.22537216832
517.4,832.4515762356942
517.6,832.6777542286553
517.8000000000001,832.9039061495749
518.0,833.130032000825
518.2,833.3561317847772
518.4,833.5822055038033
518.6,833.8082531602748
518.8000000000001,834.0342747565638
519.0,834.260270295042
519.2,834.4862397780811
519.4,834.7121832080528
519.6,834.9381005873289
519.8000000000001,835.1639919182813
520.0,835.3898572032816
520.2,835.6156964447015
520.4,835.8415096449129
520.6,836.0672968062876
520.8000000000001,836.293057931197
521.0,836.5187930220135
521.2,836.7445020811082
521.4,836.9701851108533
521.6,837.1958421136202
521.8000000000001,837.4214730917812
522.0,837.6470780477076
522.2,837.872656983771
522.4,838.0982099023437
522.6,838.323736805797
522.8000000000001,838.5492376965032
523.0,838.7747125768334
523.2,839.0001614491597
523.4,839.225584315854
523.6,839.4509811792876
523.8000000000001,839.6763520418327
524.0,839.9016969058611
524.2,840.1270157737441
524.4,840.3523086478539
524.6,840.5775755305618
524.8000000000001,840.80281642424
525.0,841.0280313312602
525.2,841.2532202539938
525.4,841.4783831948129
525.6,841.7035201560892
525.8000000000001,841.9286311401944
526.0,842.1537161495004
526.2,842.3787751863787
526.4,842.6038082532012
526.6,842.8288153523398
526.8000000000001,843.0537964861661
527.0,843.2787516570517
527.2,843.5036808673686
527.4,843.7285841194886
527.6,843.9534614157832
527.8000000000001,844.1783127586244
528.0,844.4031381503838
528.2,844.6279375934333
528.4,844.8527110901445
528.6,845.0774586428892
528.8000000000001,845.3021802540394
529.0,845.5268759259665
529.2,845.7515456610423
529.4,845.9761894616389
529.6,846.2008073301278
529.8000000000001,846.4253992688808
530.0,846.6499652802696
530.2,846.8745053666659
530.4,847.0990195304418
530.6,847.3235077739683
530.8000000000001,847.5479700996183
531.0,847.7724065097626
531.2,847.9968170067733
531.4,848.2212015930223
531.6,848.4455602708812
531.8000000000001,848.6698930427218
532.0,848.8941999109157
532.2,849.1184808778347
532.4,849.3427359458509
532.6,849.5669651173356
532.8000000000001,849.791168394661
533.0,850.0153457801983
533.2,850.2394972763199
533.4,850.4636228853971
533.6,850.6877226098017
533.8000000000001,850.9117964519056
534.0,851.1358444140807
534.2,851.3598664986984
534.4,851.5838627081306
534.6,851.8078330447489
534.8000000000001,852.0317775109255
535.0,852.2556961090321
535.2,852.47958884144
535.4,852.7034557105211
535.6,852.9272967186474
535.8000000000001,853.1511118681907
536.0,853.3749011615224
536.2,853.5986646010145
536.4,853.8224021890388
536.6,854.0461139279668
536.8000000000001,854.2697998201705
537.0,854.4934598680217
537.2,854.7170940738919
537.4,854.9407024401529
537.6,855.1642849691767
537.8000000000001,855.387841663335
538.0,855.6113725249994
538.2,855.8348775565418
538.4,856.0583567603338
538.6,856.2818101387471
538.8000000000001,856.5052376941538
539.0,856.7286394289255
539.2,856.9520153454338
539.4,857.1753654460507
539.6,857.3986897331478
539.8000000000001,857.6219882090969
540.0,857.8452608762699
540.2,858.068507737038
540.4,858.2917287937738
540.6,858.5149240488485
540.8000000000001,858.7380935046339
541.0,858.961237163502
541.2,859.1843550278242
541.4,859.4074470999725
541.6,859.6305133823188
541.8000000000001,859.8535538772345
542.0,860.0765685870916
542.2,860.2995575142619
542.4,860.522520661117
542.6,860.7454580300285
542.8000000000001,860.9683702410208
543.0,861.1912579211984
543.2,861.414119848797
543.4,861.6369560262484
543.6,861.8597664559835
543.8000000000001,862.082551140434
544.0,862.3053100820313
544.2,862.5280432832068
544.4,862.7507507463919
544.6,862.9734324740176
544.8000000000001,863.1960884685162
545.0,863.4187187323183
545.2,863.6413232678557
545.4,863.8639020775596
545.6,864.0864551638616
545.8000000000001,864.308982529193
546.0,864.5314841759852
546.2,864.7539601066698
546.4,864.9764103236779
546.6,865.1988348294409
546.8000000000001,865.4212336263907
547.0,865.6436067169583
547.2,865.8659541035748
547.4,866.0882757886724
547.6,866.310571774682
547.8000000000001,866.5328420640352
548.0,866.7550866591631
548.2,866.9773055624975
548.4,867.1994987764696
548.6,867.4216663035107
548.8000000000001,867.6438081460525
549.0,867.8659243065262
549.2,868.088014787363
549.4,868.3100795909951
549.6,868.532118719853
549.8000000000001,868.7541321763684
550.0,868.976119962973
550.2,869.198082082098
550.4,869.4200185361748
550.6,869.6419293276348
550.8000000000001,869.8638144589094
551.0,870.08567393243
551.2,870.3075077506281
551.4,870.5293159159352
551.6,870.7510984307822
551.8000000000001,870.9728552976011
552.0,871.1945865188233
552.2,871.4162920968794
552.4,871.6379720342019
552.6,871.8596263332214
552.8000000000001,872.0812549963697
553.0,872.3028580260783
553.2,872.5244354247781
553.4,872.745987194901
553.6,872.9675133388781
553.8000000000001,873.189013859141
554.0,873.4104887581212
554.2,873.6319380382498
554.4,873.8533617019585
554.6,874.0747597516785
554.8000000000001,874.2961321898414
555.0,874.5174790188784
555.2,874.7388002412209
555.4,874.9600958593006
555.6,875.1813658755485
555.8000000000001,875.4026102923964
556.0,875.6238291122755
556.2,875.8450223376173
556.4,876.0661899708529
556.6,876.2873320144141
556.8000000000001,876.5084484707323
557.0,876.7295393422386
557.2,876.9506046313646
557.4,877.1716443405418
557.6,877.3926584722013
557.8000000000001,877.6136470287751
558.0,877.8346100126938
558.2,878.0555474263894
558.4,878.2764592722932
558.6,878.4973455528362
558.8000000000001,878.7182062704507
559.0,878.9390414275671
559.2,879.1598510266173
559.4,879.3806350700328
559.6,879.6013935602449
559.8000000000001,879.8221264996849
560.0,880.0428338907844
560.2,880.2635157359747
560.4,880.484172037687
560.6,880.704802798353
560.8000000000001,880.9254080204042
561.0,881.1459877062717
561.2,881.366541858387
561.4,881.5870704791818
561.6,881.8075735710869
561.8000000000001,882.0280511365344
562.0,882.2485031779551
562.2,882.4689296977807
562.4,882.6893306984429
562.6,882.9097061823724
562.8000000000001,883.1300561520012
563.0,883.3503806097607
563.2,883.5706795580817
563.4,883.7909529993964
563.6,884.0112009361357
563.8000000000001,884.231423370731
564.0,884.451620305614
564.2,884.671791743216
564.4,884.8919376859684
564.6,885.1120581363024
564.8000000000001,885.3321530966497
565.0,885.5522225694416
565.2,885.7722665571094
565.4,885.9922850620848
565.6,886.2122780867988
565.8000000000001,886.4322456336832
566.0,886.6521877051692
566.2,886.8721043036882
566.4,887.0919954316718
566.6,887.3118610915509
566.8000000000001,887.5317012857575
567.0,887.751516016723
567.2,887.9713052868782
567.4,888.1910690986552
567.6,888.4108074544848
567.8000000000001,888.6305203567989
568.0,888.8502078080288
568.2,889.0698698106056
568.4,889.2895063669611
568.6,889.5091174795263
568.8000000000001,889.7287031507329
569.0,889.9482633830124
569.2,890.167798178796
569.4,890.3873075405153
569.6,890.6067914706015
569.8000000000001,890.8262499714859
570.0,891.0456830456004
570.2,891.265090695376
570.4,891.4844729232442
570.6,891.7038297316363
570.8000000000001,891.923161122984
571.0,892.1424670997184
571.2,892.3617476642711
571.4,892.5810028190734
571.6,892.8002325665567
571.8000000000001,893.0194369091527
572.0,893.2386158492924
572.2,893.4577693894074
572.4,893.6768975319293
572.6,893.8960002792888
572.8000000000001,894.1150776339183
573.0,894.3341295982485
573.2,894.553156174711
573.4,894.7721573657374
573.6,894.9911331737588
573.8000000000001,895.2100836012067
574.0,895.4290086505129
574.2,895.647908324108
574.4,895.8667826244242
574.6,896.0856315538923
574.8000000000001,896.3044551149443
575.0,896.5232533100112
575.2,896.7420261415242
575.4,896.9607736119154
575.6,897.1794957236156
575.8000000000001,897.3981924790565
576.0,897.6168638806695
576.2,897.8355099308859
576.4,898.0541306321371
576.6,898.2727259868547
576.8000000000001,898.4912959974698
577.0,898.7098406664142
577.2,898.9283599961187
577.4,899.1468539890153
577.6,899.3653226475352
577.8000000000001,899.58376597411
578.0,899.8021839711706
578.2,900.0205766411488
578.4,900.2389439864761
578.6,900.4572860095835
578.8000000000001,900.6756027129028
579.0,900.8938940988654
579.2,901.1121601699023
579.4,901.3304009284453
579.6,901.5486163769255
579.8000000000001,901.7668065177749
580.0,901.9849713534242
580.2,902.2031108863049
580.4,902.4212251188491
580.6,902.6393140534873
580.8000000000001,902.8573776926515
581.0,903.0754160387731
581.2,903.2934290942829
581.4,903.5114168616132
581.6,903.7293793431949
581.8000000000001,903.9473165414594
582.0,904.165228458838
582.2,904.3831150977625
582.4,904.6009764606639
582.6,904.8188125499738
582.8000000000001,905.036623368124
583.0,905.2544089175452
583.2,905.4721692006691
583.4,905.6899042199271
583.6,905.9076139777509
583.8000000000001,906.1252984765714
584.0,906.3429577188205
584.2,906.5605917069291
584.4,906.778200443329
584.6,906.9957839304515
584.8000000000001,907.213342170728
585.0,907.4308751665898
585.2,907.6483829204684
585.4,907.8658654347954
585.6,908.0833227120016
585.8000000000001,908.3007547545193
586.0,908.5181615647792
586.2,908.735543145213
586.4,908.9528994982521
586.6,909.1702306263277
586.8000000000001,909.3875365318717
587.0,909.6048172173149
587.2,909.822072685089
587.4,910.0393029376254
587.6,910.2565079773555
587.8000000000001,910.4736878067109
588.0,910.6908424281227
588.2,910.9079718440222
588.4,911.1250760568413
588.6,911.342155069011
588.8000000000001,911.5592088829629
589.0,911.7762375011285
589.2,911.993240925939
589.4,912.2102191598257
589.6,912.4271722052202
589.8000000000001,912.644100064554
590.0,912.8610027402584
590.2,913.0778802347648
590.4,913.2947325505046
590.6,913.5115596899092
590.8000000000001,913.7283616554101
591.0,913.9451384494386
591.2,914.1618900744262
591.4,914.3786165328041
591.6,914.5953178270039
591.8000000000001,914.811993959457
592.0,915.0286449325948
592.2,915.2452707488488
592.4,915.4618714106501
592.6,915.6784469204302
592.8000000000001,915.8949972806209
593.0,916.1115224936533
593.2,916.3280225619586
593.4,916.5444974879687
593.6,916.7609472741145
593.8000000000001,916.977371922828
594.0,917.1937714365398
594.2,917.4101458176821
594.4,917.6264950686858
594.6,917.8428191919826
594.8000000000001,918.0591181900037
595.0,918.2753920651807
595.2,918.4916408199446
595.4,918.7078644567274
595.6,918.9240629779603
595.8000000000001,919.1402363860744
596.0,919.3563846835015
596.2,919.5725078726726
596.4,919.7886059560198
596.6,920.0046789359736
596.8000000000001,920.220726814966
597.0,920.4367495954285
597.2,920.6527472797922
597.4,920.8687198704885
597.6,921.0846673699488
597.8000000000001,921.3005897806048
598.0,921.5164871048877
598.2,921.7323593452287
598.4,921.9482065040598
598.6,922.1640285838117
598.8000000000001,922.3798255869164
599.0,922.595597515805
599.2,922.8113443729088
599.4,923.0270661606597
599.6,923.2427628814884
599.8000000000001,923.458434537827
600.0,923.6740811321066
600.2,923.8897026667584
600.4,924.105299144214
600.6,924.320870566905
600.8000000000001,924.5364169372625
601.0,924.7519382577183
601.2,924.9674345307031
601.4,925.1829057586491
601.6,925.3983519439872
